{
  "count": 6,
  "text_only": {
    "f1": 0.08065913370998117,
    "rouge_l": 0.07500941619585688,
    "bleu_1": 0.05973577318658227,
    "bleu_2": 0.036369196422816295,
    "bleu_3": 0.014910174955510683,
    "bleu_4": 0.012568451569077278,
    "meteor": 0.06578372189127879
  },
  "vision": {
    "f1": 0.19157754010695185,
    "rouge_l": 0.15117349970291147,
    "bleu_1": 0.16155969245568183,
    "bleu_2": 0.06903433164955967,
    "bleu_3": 0.012959690141338095,
    "bleu_4": 0.009567037413024932,
    "meteor": 0.14613786833289724
  },
  "vision_only": {
    "f1": 0.1932234432234432,
    "rouge_l": 0.13724816849816848,
    "bleu_1": 0.13713833011583001,
    "bleu_2": 0.07278164179875238,
    "bleu_3": 0.03461922742717124,
    "bleu_4": 0.003038062467635565,
    "meteor": 0.16405027453430748
  }
}
