{
  "count": 6,
  "text_only": {
    "f1": 0.08192743764172336,
    "rouge_l": 0.08192743764172336,
    "bleu_1": 0.04267820215737703,
    "bleu_2": 0.02360813863125109,
    "bleu_3": 0.0042956510010022375,
    "bleu_4": 0.0037721019440656277,
    "meteor": 0.06366424004236271
  },
  "vision": {
    "f1": 0.14683402346445826,
    "rouge_l": 0.1398895790200138,
    "bleu_1": 0.07349029296449096,
    "bleu_2": 0.04727105145511884,
    "bleu_3": 0.03877829724473142,
    "bleu_4": 0.031083371101288063,
    "meteor": 0.17544622065736407
  },
  "vision_only": {
    "f1": 0.15918984806930478,
    "rouge_l": 0.15918984806930478,
    "bleu_1": 0.09825658563472324,
    "bleu_2": 0.0669113026305067,
    "bleu_3": 0.05329219932772906,
    "bleu_4": 0.037860033763598054,
    "meteor": 0.15855178728661456
  }
}
