{
  "count": 6,
  "text_only": {
    "f1": 0.09202614379084967,
    "rouge_l": 0.07895424836601307,
    "bleu_1": 0.04687718380407129,
    "bleu_2": 0.03372304211794049,
    "bleu_3": 0.005627740916333101,
    "bleu_4": 0.004286404741566348,
    "meteor": 0.08582586292763283
  },
  "vision": {
    "f1": 0.18497525865946918,
    "rouge_l": 0.18497525865946918,
    "bleu_1": 0.1253248603011127,
    "bleu_2": 0.09927649514528931,
    "bleu_3": 0.07850643181974822,
    "bleu_4": 0.06375452468978489,
    "meteor": 0.2064314838722473
  },
  "vision_only": {
    "f1": 0.20539267860022578,
    "rouge_l": 0.1628285760361232,
    "bleu_1": 0.14431498473786344,
    "bleu_2": 0.08697577864464595,
    "bleu_3": 0.046367390763448126,
    "bleu_4": 0.03798016340375994,
    "meteor": 0.19564474341100627
  }
}
