{
  "count": 6,
  "text_only": {
    "f1": 0.09225741578682756,
    "rouge_l": 0.07943690296631474,
    "bleu_1": 0.0506070129444324,
    "bleu_2": 0.036392033161045674,
    "bleu_3": 0.0066121808791164355,
    "bleu_4": 0.005019999951107325,
    "meteor": 0.09170833723749926
  },
  "vision": {
    "f1": 0.17803081421502473,
    "rouge_l": 0.17803081421502473,
    "bleu_1": 0.11697064142057804,
    "bleu_2": 0.09191555549612246,
    "bleu_3": 0.07196290557493978,
    "bleu_4": 0.05816328413676172,
    "meteor": 0.2038006440221045
  },
  "vision_only": {
    "f1": 0.1431242563318035,
    "rouge_l": 0.12510623831378548,
    "bleu_1": 0.08315966502316724,
    "bleu_2": 0.05753268552301413,
    "bleu_3": 0.04750866520595607,
    "bleu_4": 0.0318209839638157,
    "meteor": 0.1401168629583115
  }
}
