{
  "count": 6,
  "text_only": {
    "f1": 0.08965517241379312,
    "rouge_l": 0.07149425287356322,
    "bleu_1": 0.04681321182296713,
    "bleu_2": 0.02276128851058315,
    "bleu_3": 0.004368191588824992,
    "bleu_4": 0.0033961481619426957,
    "meteor": 0.07528067282814464
  },
  "vision": {
    "f1": 0.18286656274077653,
    "rouge_l": 0.18286656274077653,
    "bleu_1": 0.12691170094087087,
    "bleu_2": 0.10461263725609858,
    "bleu_3": 0.08592323537092905,
    "bleu_4": 0.0713412877361108,
    "meteor": 0.19767802584731728
  },
  "vision_only": {
    "f1": 0.13039803810601772,
    "rouge_l": 0.12373137143935105,
    "bleu_1": 0.0764513489532138,
    "bleu_2": 0.06206901660338276,
    "bleu_3": 0.04946328999845067,
    "bleu_4": 0.04029029507139221,
    "meteor": 0.16465122762528506
  }
}
