{
  "count": 6,
  "text_only": {
    "f1": 0.07852238157322904,
    "rouge_l": 0.07287266405910474,
    "bleu_1": 0.035020497257076816,
    "bleu_2": 0.017497953921192074,
    "bleu_3": 0.014871168706648697,
    "bleu_4": 0.012566678370825958,
    "meteor": 0.04613276125950133
  },
  "vision": {
    "f1": 0.2101380196039614,
    "rouge_l": 0.166112862371257,
    "bleu_1": 0.16103473522691034,
    "bleu_2": 0.06496866803680991,
    "bleu_3": 0.01188846433848806,
    "bleu_4": 0.008889513461685771,
    "meteor": 0.14991808575949636
  },
  "vision_only": {
    "f1": 0.17918192918192918,
    "rouge_l": 0.13553113553113552,
    "bleu_1": 0.12524508148290145,
    "bleu_2": 0.06292480756385625,
    "bleu_3": 0.024660472576675554,
    "bleu_4": 0.002969583473685861,
    "meteor": 0.13814109679028205
  }
}
