{
  "count": 6,
  "text_only": {
    "f1": 0.08277777777777778,
    "rouge_l": 0.07861111111111112,
    "bleu_1": 0.07782628665580142,
    "bleu_2": 0.044901454169726136,
    "bleu_3": 0.020595115626762094,
    "bleu_4": 0.016615952097650613,
    "meteor": 0.07402813424489058
  },
  "vision": {
    "f1": 0.10754985754985753,
    "rouge_l": 0.10754985754985753,
    "bleu_1": 0.013223204178784682,
    "bleu_2": 0.008275791851819047,
    "bleu_3": 0.0065489332288950096,
    "bleu_4": 0.005016985133362178,
    "meteor": 0.045877384060758586
  },
  "vision_only": {
    "f1": 0.0,
    "rouge_l": 0.0,
    "bleu_1": 5.0564629536620765e-12,
    "bleu_2": 5.0564629536620765e-12,
    "bleu_3": 5.0564629536620765e-12,
    "bleu_4": 5.0564629536620765e-12,
    "meteor": 0.0
  }
}
