{
  "count": 6,
  "text_only": {
    "f1": 0.10164750957854406,
    "rouge_l": 0.08114942528735632,
    "bleu_1": 0.09074248800608893,
    "bleu_2": 0.04943550132729136,
    "bleu_3": 0.01753982981750906,
    "bleu_4": 0.014113452407454404,
    "meteor": 0.08722449691559409
  },
  "vision": {
    "f1": 0.1758961891966818,
    "rouge_l": 0.13525579510801186,
    "bleu_1": 0.11488413150926619,
    "bleu_2": 0.06590816018225436,
    "bleu_3": 0.02699456016044596,
    "bleu_4": 0.0028728676977184085,
    "meteor": 0.1636475072888
  },
  "vision_only": {
    "f1": 0.24549009690519122,
    "rouge_l": 0.18507462139537612,
    "bleu_1": 0.13644366022374657,
    "bleu_2": 0.042066063047844965,
    "bleu_3": 0.007893182082570305,
    "bleu_4": 0.005743101014432724,
    "meteor": 0.15934310898858853
  }
}
