{
  "count": 6,
  "text_only": {
    "f1": 0.10448559670781893,
    "rouge_l": 0.08370370370370371,
    "bleu_1": 0.0957028054664064,
    "bleu_2": 0.05264451387677647,
    "bleu_3": 0.020100806066402573,
    "bleu_4": 0.016205542030707,
    "meteor": 0.08776833601574764
  },
  "vision": {
    "f1": 0.2013431731104145,
    "rouge_l": 0.1481822535701846,
    "bleu_1": 0.16825219532441738,
    "bleu_2": 0.09320454938667289,
    "bleu_3": 0.04273107607574789,
    "bleu_4": 0.009513212441565154,
    "meteor": 0.18988884405411066
  },
  "vision_only": {
    "f1": 0.19482268112032175,
    "rouge_l": 0.1255546835401645,
    "bleu_1": 0.15306893535503727,
    "bleu_2": 0.05666875610806458,
    "bleu_3": 0.03397029580240176,
    "bleu_4": 0.010758334196260577,
    "meteor": 0.12731905638114074
  }
}
