{"f1": 0.11441598300468811, "em": 0.0, "meteor": 0.08651264280823333, "rouge_l": 0.08194467467544077}
