{"f1": 0.07220438497566828, "em": 0.0, "meteor": 0.06914331557017422, "rouge_l": 0.05346691000880643}
