{"f1": 0.08928790756853533, "em": 0.0, "meteor": 0.08984619581143671, "rouge_l": 0.0637064783867903}
