{"f1": 0.6904761904761906, "em": 0.3333333333333333, "meteor": 0.5223108747044917, "rouge_l": 0.6904761904761906}
