{"f1": 0.026411982079434543, "em": 0.0, "meteor": 0.07718305456418842, "rouge_l": 0.018410344301286987}
