{"f1": 0.09429689254555028, "em": 0.0, "meteor": 0.07191212742213528, "rouge_l": 0.07259350705811099}
