{"f1": 0.09949735386452643, "em": 0.0, "meteor": 0.07107140878385644, "rouge_l": 0.07444786373535633}
