{"f1": 0.10926759658270058, "em": 0.0, "meteor": 0.08936859215318688, "rouge_l": 0.08017697179583667}
