{"f1": 0.3008658008658009, "em": 0.0, "meteor": 0.24212925077286782, "rouge_l": 0.3008658008658009}
